{"v":"5.4.1","fr":30,"ip":0,"op":60,"w":512,"h":410,"nm":"reflection/Uploading","ddd":0,"assets":[{"id":"comp_0","layers":[{"ddd":0,"ind":1,"ty":4,"nm":"cloud/Uploading Outlines","sr":1,"ks":{"o":{"a":0,"k":100,"ix":11},"r":{"a":0,"k":0,"ix":10},"p":{"a":0,"k":[256,256,0],"ix":2},"a":{"a":0,"k":[256,256,0],"ix":1},"s":{"a":0,"k":[100,100,100],"ix":6}},"ao":0,"shapes":[{"ty":"gr","it":[{"ind":0,"ty":"sh","ix":1,"ks":{"a":0,"k":{"i":[[0,0],[0,0],[-0.209,57.791],[-79.794,0],[-72.449,0],[0.42,-87.562],[0,-57.661],[46.546,0],[0,0]],"o":[[0,0],[-65.166,0],[0,-61.679],[0,-64.723],[60.541,0],[65.766,0],[0,57.028],[0,0],[0,0]],"v":[[-45.777,167.236],[-128.895,167.236],[-243.933,56.189],[-118.921,-53.97],[12.708,-167.236],[139.08,-28.926],[244.142,69.507],[151.049,167.236],[55.296,167.236]],"c":false},"ix":2},"nm":"Path 1","mn":"ADBE Vector Shape - Group","hd":false},{"ty":"st","c":{"a":0,"k":[0.9725490196078431,0.3607843137254902,0.4392156862745098,1],"ix":3},"o":{"a":0,"k":100,"ix":4},"w":{"a":0,"k":22,"ix":5},"lc":2,"lj":2,"nm":"Stroke 1","mn":"ADBE Vector Graphic - Stroke","hd":false},{"ty":"tr","p":{"a":0,"k":[255.894,231.976],"ix":2},"a":{"a":0,"k":[0,0],"ix":1},"s":{"a":0,"k":[100,100],"ix":3},"r":{"a":0,"k":0,"ix":6},"o":{"a":0,"k":100,"ix":7},"sk":{"a":0,"k":0,"ix":4},"sa":{"a":0,"k":0,"ix":5},"nm":"Transform"}],"nm":"Group 1","np":2,"cix":2,"ix":1,"mn":"ADBE Vector Group","hd":false},{"ty":"tm","s":{"a":1,"k":[{"i":{"x":[0.833],"y":[0.833]},"o":{"x":[0.167],"y":[0.167]},"n":["0p833_0p833_0p167_0p167"],"t":0,"s":[0],"e":[100]},{"i":{"x":[0.833],"y":[0.833]},"o":{"x":[0.167],"y":[0.167]},"n":["0p833_0p833_0p167_0p167"],"t":15,"s":[100],"e":[100]},{"i":{"x":[0.833],"y":[0.833]},"o":{"x":[0.167],"y":[0.167]},"n":["0p833_0p833_0p167_0p167"],"t":45,"s":[100],"e":[100]},{"i":{"x":[0.833],"y":[0.833]},"o":{"x":[0.167],"y":[0.167]},"n":["0p833_0p833_0p167_0p167"],"t":58.748,"s":[100],"e":[0]},{"i":{"x":[0.833],"y":[0.833]},"o":{"x":[0.167],"y":[0.167]},"n":["0p833_0p833_0p167_0p167"],"t":60,"s":[0],"e":[100]},{"i":{"x":[0.833],"y":[0.833]},"o":{"x":[0.167],"y":[0.167]},"n":["0p833_0p833_0p167_0p167"],"t":75,"s":[100],"e":[100]},{"t":105}],"ix":1},"e":{"a":1,"k":[{"i":{"x":[0.833],"y":[0.833]},"o":{"x":[0.167],"y":[0.167]},"n":["0p833_0p833_0p167_0p167"],"t":0,"s":[0],"e":[0]},{"i":{"x":[0.833],"y":[0.833]},"o":{"x":[0.167],"y":[0.167]},"n":["0p833_0p833_0p167_0p167"],"t":15,"s":[0],"e":[0]},{"i":{"x":[0.833],"y":[0.833]},"o":{"x":[0.167],"y":[0.167]},"n":["0p833_0p833_0p167_0p167"],"t":45,"s":[0],"e":[100]},{"i":{"x":[0.833],"y":[0.833]},"o":{"x":[0.167],"y":[0.167]},"n":["0p833_0p833_0p167_0p167"],"t":58.748,"s":[100],"e":[0]},{"i":{"x":[0.833],"y":[0.833]},"o":{"x":[0.167],"y":[0.167]},"n":["0p833_0p833_0p167_0p167"],"t":60,"s":[0],"e":[0]},{"i":{"x":[0.833],"y":[0.833]},"o":{"x":[0.167],"y":[0.167]},"n":["0p833_0p833_0p167_0p167"],"t":75,"s":[0],"e":[0]},{"i":{"x":[0.833],"y":[0.833]},"o":{"x":[0.167],"y":[0.167]},"n":["0p833_0p833_0p167_0p167"],"t":105,"s":[0],"e":[100]},{"t":120}],"ix":2},"o":{"a":0,"k":0,"ix":3},"m":1,"ix":2,"nm":"Trim Paths 1","mn":"ADBE Vector Filter - Trim","hd":false}],"ip":0,"op":60,"st":0,"bm":0},{"ddd":0,"ind":2,"ty":4,"nm":"reflection/Uploading Outlines","sr":1,"ks":{"o":{"a":0,"k":100,"ix":11},"r":{"a":0,"k":0,"ix":10},"p":{"a":0,"k":[256,256,0],"ix":2},"a":{"a":0,"k":[256,256,0],"ix":1},"s":{"a":0,"k":[100,100,100],"ix":6}},"ao":0,"shapes":[{"ty":"gr","it":[{"ind":0,"ty":"sh","ix":1,"ks":{"a":0,"k":{"i":[[0,0],[-23.184,19.6],[-6.424,-0.1]],"o":[[0.939,-6.312],[23.026,-19.469],[0,0]],"v":[[-41.922,35.633],[-13.261,-15.825],[41.922,-35.534]],"c":false},"ix":2},"nm":"Path 1","mn":"ADBE Vector Shape - Group","hd":false},{"ty":"st","c":{"a":0,"k":[0.9725490196078431,0.3607843137254902,0.4392156862745098,1],"ix":3},"o":{"a":0,"k":100,"ix":4},"w":{"a":0,"k":22,"ix":5},"lc":2,"lj":1,"ml":10,"ml2":{"a":0,"k":10,"ix":8},"nm":"Stroke 1","mn":"ADBE Vector Graphic - Stroke","hd":false},{"ty":"tr","p":{"a":0,"k":[222.02,141.29],"ix":2},"a":{"a":0,"k":[0,0],"ix":1},"s":{"a":0,"k":[100,100],"ix":3},"r":{"a":0,"k":0,"ix":6},"o":{"a":0,"k":100,"ix":7},"sk":{"a":0,"k":0,"ix":4},"sa":{"a":0,"k":0,"ix":5},"nm":"Transform"}],"nm":"Group 1","np":2,"cix":2,"ix":1,"mn":"ADBE Vector Group","hd":false},{"ty":"tm","s":{"a":1,"k":[{"i":{"x":[0.833],"y":[0.833]},"o":{"x":[0.167],"y":[0.167]},"n":["0p833_0p833_0p167_0p167"],"t":25,"s":[0],"e":[100]},{"i":{"x":[0.833],"y":[0.833]},"o":{"x":[0.167],"y":[0.167]},"n":["0p833_0p833_0p167_0p167"],"t":30,"s":[100],"e":[100]},{"i":{"x":[0.833],"y":[0.833]},"o":{"x":[0.167],"y":[0.167]},"n":["0p833_0p833_0p167_0p167"],"t":40,"s":[100],"e":[100]},{"t":45}],"ix":1},"e":{"a":1,"k":[{"i":{"x":[0.833],"y":[0.833]},"o":{"x":[0.167],"y":[0.167]},"n":["0p833_0p833_0p167_0p167"],"t":25,"s":[0],"e":[0]},{"i":{"x":[0.833],"y":[0.833]},"o":{"x":[0.167],"y":[0.167]},"n":["0p833_0p833_0p167_0p167"],"t":30,"s":[0],"e":[0]},{"i":{"x":[0.833],"y":[0.833]},"o":{"x":[0.167],"y":[0.167]},"n":["0p833_0p833_0p167_0p167"],"t":40,"s":[0],"e":[100]},{"t":45}],"ix":2},"o":{"a":0,"k":0,"ix":3},"m":1,"ix":2,"nm":"Trim Paths 1","mn":"ADBE Vector Filter - Trim","hd":false}],"ip":0,"op":60,"st":0,"bm":0},{"ddd":0,"ind":3,"ty":0,"nm":"Arrow","refId":"comp_1","sr":1,"ks":{"o":{"a":0,"k":100,"ix":11},"r":{"a":0,"k":0,"ix":10},"p":{"a":1,"k":[{"i":{"x":0.833,"y":0.833},"o":{"x":0.167,"y":0.167},"n":"0p833_0p833_0p167_0p167","t":15,"s":[256,698,0],"e":[256,370,0],"to":[0,-54.6666679382324,0],"ti":[0,37,0]},{"i":{"x":0.833,"y":0.833},"o":{"x":0.167,"y":0.167},"n":"0p833_0p833_0p167_0p167","t":22,"s":[256,370,0],"e":[256,370,0],"to":[0,0,0],"ti":[0,0,0]},{"i":{"x":0.833,"y":0.833},"o":{"x":0.167,"y":0.167},"n":"0p833_0p833_0p167_0p167","t":45,"s":[256,370,0],"e":[256,134,0],"to":[0,-41.3333320617676,0],"ti":[0,39.3333320617676,0]},{"t":51}],"ix":2},"a":{"a":0,"k":[57.5,85,0],"ix":1},"s":{"a":0,"k":[100,100,100],"ix":6}},"ao":0,"w":115,"h":170,"ip":0,"op":120,"st":0,"bm":0}]},{"id":"comp_1","layers":[{"ddd":0,"ind":1,"ty":4,"nm":"arrow/Uploading Outlines","sr":1,"ks":{"o":{"a":0,"k":100,"ix":11},"r":{"a":0,"k":0,"ix":10},"p":{"a":0,"k":[58.5,12,0],"ix":2},"a":{"a":0,"k":[261,301,0],"ix":1},"s":{"a":0,"k":[100,100,100],"ix":6}},"ao":0,"shapes":[{"ty":"gr","it":[{"ind":0,"ty":"sh","ix":1,"ks":{"a":0,"k":{"i":[[0,0],[0,0]],"o":[[0,0],[0,0]],"v":[[260.729,301.185],[260.729,447.356]],"c":false},"ix":2},"nm":"Path 1","mn":"ADBE Vector Shape - Group","hd":false},{"ty":"st","c":{"a":0,"k":[0.9725490196078431,0.3607843137254902,0.4392156862745098,1],"ix":3},"o":{"a":0,"k":100,"ix":4},"w":{"a":0,"k":22,"ix":5},"lc":2,"lj":1,"ml":10,"ml2":{"a":0,"k":10,"ix":8},"nm":"Stroke 1","mn":"ADBE Vector Graphic - Stroke","hd":false},{"ty":"tr","p":{"a":0,"k":[0,0],"ix":2},"a":{"a":0,"k":[0,0],"ix":1},"s":{"a":0,"k":[100,100],"ix":3},"r":{"a":0,"k":0,"ix":6},"o":{"a":0,"k":100,"ix":7},"sk":{"a":0,"k":0,"ix":4},"sa":{"a":0,"k":0,"ix":5},"nm":"Transform"}],"nm":"Group 1","np":2,"cix":2,"ix":1,"mn":"ADBE Vector Group","hd":false},{"ty":"tm","s":{"a":1,"k":[{"i":{"x":[0.833],"y":[0.833]},"o":{"x":[0.167],"y":[0.167]},"n":["0p833_0p833_0p167_0p167"],"t":17,"s":[0],"e":[0]},{"i":{"x":[0.833],"y":[0.833]},"o":{"x":[0.167],"y":[0.167]},"n":["0p833_0p833_0p167_0p167"],"t":21,"s":[0],"e":[0]},{"i":{"x":[0.833],"y":[0.833]},"o":{"x":[0.167],"y":[0.167]},"n":["0p833_0p833_0p167_0p167"],"t":45,"s":[0],"e":[0]},{"t":50}],"ix":1},"e":{"a":1,"k":[{"i":{"x":[0.833],"y":[0.833]},"o":{"x":[0.167],"y":[0.167]},"n":["0p833_0p833_0p167_0p167"],"t":17,"s":[0],"e":[100]},{"i":{"x":[0.833],"y":[0.833]},"o":{"x":[0.167],"y":[0.167]},"n":["0p833_0p833_0p167_0p167"],"t":21,"s":[100],"e":[100]},{"i":{"x":[0.833],"y":[0.833]},"o":{"x":[0.167],"y":[0.167]},"n":["0p833_0p833_0p167_0p167"],"t":45,"s":[100],"e":[0]},{"t":50}],"ix":2},"o":{"a":0,"k":0,"ix":3},"m":1,"ix":2,"nm":"Trim Paths 1","mn":"ADBE Vector Filter - Trim","hd":false}],"ip":0,"op":120.12012012012,"st":0,"bm":0},{"ddd":0,"ind":2,"ty":4,"nm":"arrow right/Uploading Outlines","sr":1,"ks":{"o":{"a":0,"k":100,"ix":11},"r":{"a":0,"k":0,"ix":10},"p":{"a":0,"k":[59,13,0],"ix":2},"a":{"a":0,"k":[261.5,302,0],"ix":1},"s":{"a":0,"k":[100,100,100],"ix":6}},"ao":0,"shapes":[{"ty":"gr","it":[{"ind":0,"ty":"sh","ix":1,"ks":{"a":0,"k":{"i":[[0,0],[0,0]],"o":[[0,0],[0,0]],"v":[[-22.298,-22.298],[22.298,22.298]],"c":false},"ix":2},"nm":"Path 1","mn":"ADBE Vector Shape - Group","hd":false},{"ty":"st","c":{"a":0,"k":[0.9725490196078431,0.3607843137254902,0.4392156862745098,1],"ix":3},"o":{"a":0,"k":100,"ix":4},"w":{"a":0,"k":22,"ix":5},"lc":2,"lj":1,"ml":10,"ml2":{"a":0,"k":10,"ix":8},"nm":"Stroke 1","mn":"ADBE Vector Graphic - Stroke","hd":false},{"ty":"tr","p":{"a":0,"k":[283.027,323.483],"ix":2},"a":{"a":0,"k":[0,0],"ix":1},"s":{"a":0,"k":[100,100],"ix":3},"r":{"a":0,"k":0,"ix":6},"o":{"a":0,"k":100,"ix":7},"sk":{"a":0,"k":0,"ix":4},"sa":{"a":0,"k":0,"ix":5},"nm":"Transform"}],"nm":"Group 1","np":2,"cix":2,"ix":1,"mn":"ADBE Vector Group","hd":false},{"ty":"tm","s":{"a":1,"k":[{"i":{"x":[0.833],"y":[0.833]},"o":{"x":[0.167],"y":[0.167]},"n":["0p833_0p833_0p167_0p167"],"t":20,"s":[0],"e":[100]},{"i":{"x":[0.833],"y":[0.833]},"o":{"x":[0.167],"y":[0.167]},"n":["0p833_0p833_0p167_0p167"],"t":25,"s":[100],"e":[100]},{"i":{"x":[0.833],"y":[0.833]},"o":{"x":[0.167],"y":[0.167]},"n":["0p833_0p833_0p167_0p167"],"t":45,"s":[100],"e":[0]},{"t":50}],"ix":1},"e":{"a":0,"k":0,"ix":2},"o":{"a":0,"k":0,"ix":3},"m":1,"ix":2,"nm":"Trim Paths 1","mn":"ADBE Vector Filter - Trim","hd":false}],"ip":0,"op":120.12012012012,"st":0,"bm":0},{"ddd":0,"ind":3,"ty":4,"nm":"arrow left/Uploading Outlines","sr":1,"ks":{"o":{"a":0,"k":100,"ix":11},"r":{"a":0,"k":0,"ix":10},"p":{"a":0,"k":[58.5,12.25,0],"ix":2},"a":{"a":0,"k":[261,301.25,0],"ix":1},"s":{"a":0,"k":[100,100,100],"ix":6}},"ao":0,"shapes":[{"ty":"gr","it":[{"ind":0,"ty":"sh","ix":1,"ks":{"a":0,"k":{"i":[[0,0],[0,0]],"o":[[0,0],[0,0]],"v":[[22.298,-22.298],[-22.299,22.298]],"c":false},"ix":2},"nm":"Path 1","mn":"ADBE Vector Shape - Group","hd":false},{"ty":"st","c":{"a":0,"k":[0.9725490196078431,0.3607843137254902,0.4392156862745098,1],"ix":3},"o":{"a":0,"k":100,"ix":4},"w":{"a":0,"k":22,"ix":5},"lc":2,"lj":1,"ml":10,"ml2":{"a":0,"k":10,"ix":8},"nm":"Stroke 1","mn":"ADBE Vector Graphic - Stroke","hd":false},{"ty":"tr","p":{"a":0,"k":[238.431,323.483],"ix":2},"a":{"a":0,"k":[0,0],"ix":1},"s":{"a":0,"k":[100,100],"ix":3},"r":{"a":0,"k":0,"ix":6},"o":{"a":0,"k":100,"ix":7},"sk":{"a":0,"k":0,"ix":4},"sa":{"a":0,"k":0,"ix":5},"nm":"Transform"}],"nm":"Group 1","np":2,"cix":2,"ix":1,"mn":"ADBE Vector Group","hd":false},{"ty":"tm","s":{"a":1,"k":[{"i":{"x":[0.833],"y":[0.833]},"o":{"x":[0.167],"y":[0.167]},"n":["0p833_0p833_0p167_0p167"],"t":20,"s":[0],"e":[100]},{"i":{"x":[0.833],"y":[0.833]},"o":{"x":[0.167],"y":[0.167]},"n":["0p833_0p833_0p167_0p167"],"t":25,"s":[100],"e":[100]},{"i":{"x":[0.833],"y":[0.833]},"o":{"x":[0.167],"y":[0.167]},"n":["0p833_0p833_0p167_0p167"],"t":45,"s":[100],"e":[0]},{"t":50}],"ix":1},"e":{"a":0,"k":0,"ix":2},"o":{"a":0,"k":0,"ix":3},"m":1,"ix":2,"nm":"Trim Paths 1","mn":"ADBE Vector Filter - Trim","hd":false}],"ip":0,"op":120.12012012012,"st":0,"bm":0}]}],"layers":[{"ddd":0,"ind":1,"ty":4,"nm":"Uploading Outlines","sr":1,"ks":{"o":{"a":0,"k":100,"ix":11},"r":{"a":0,"k":0,"ix":10},"p":{"a":0,"k":[211,389,0],"ix":2},"a":{"a":0,"k":[0,0,0],"ix":1},"s":{"a":0,"k":[100,100,100],"ix":6}},"ao":0,"shapes":[{"ty":"gr","it":[{"ind":0,"ty":"sh","ix":1,"ks":{"a":0,"k":{"i":[[-8.7,0],[-4.5,4.531],[0,8.581],[0,0],[1.02,1.05],[1.74,0],[1.02,-1.049],[0,-1.74],[0,0],[2.579,-2.82],[4.919,0],[2.579,2.79],[0,5.46],[0,0],[1.02,1.05],[1.74,0],[1.02,-1.049],[0,-1.74],[0,0],[-4.5,-4.5]],"o":[[8.64,0],[4.5,-4.53],[0,0],[0,-1.74],[-1.021,-1.049],[-1.741,0],[-1.021,1.05],[0,0],[0,5.4],[-2.58,2.821],[-4.981,0],[-2.58,-2.79],[0,0],[0,-1.74],[-1.021,-1.049],[-1.741,0],[-1.021,1.05],[0,0],[0,8.64],[4.5,4.5]],"v":[[-180.628,0.81],[-160.918,-5.985],[-154.168,-25.65],[-154.168,-58.14],[-155.698,-62.325],[-159.838,-63.9],[-163.978,-62.325],[-165.508,-58.14],[-165.508,-25.02],[-169.378,-12.69],[-180.628,-8.46],[-191.968,-12.645],[-195.838,-25.02],[-195.838,-58.14],[-197.368,-62.325],[-201.508,-63.9],[-205.648,-62.325],[-207.178,-58.14],[-207.178,-25.65],[-200.428,-5.94]],"c":true},"ix":2},"nm":"U","mn":"ADBE Vector Shape - Group","hd":false},{"ty":"fl","c":{"a":0,"k":[0.9725490196078431,0.3607843137254902,0.4392156862745098,1],"ix":4},"o":{"a":0,"k":100,"ix":5},"r":1,"nm":"Fill 1","mn":"ADBE Vector Graphic - Fill","hd":false},{"ty":"tr","p":{"a":0,"k":[0,0],"ix":2},"a":{"a":0,"k":[0,0],"ix":1},"s":{"a":0,"k":[100,100],"ix":3},"r":{"a":0,"k":0,"ix":6},"o":{"a":0,"k":100,"ix":7},"sk":{"a":0,"k":0,"ix":4},"sa":{"a":0,"k":0,"ix":5},"nm":"Transform"}],"nm":"U","np":2,"cix":2,"ix":1,"mn":"ADBE Vector Group","hd":false},{"ty":"gr","it":[{"ind":0,"ty":"sh","ix":1,"ks":{"a":0,"k":{"i":[[3.78,0],[2.489,-1.35],[1.319,-2.46],[0,0],[1.02,0.96],[1.679,0],[0.99,-0.959],[0,-1.62],[0,0],[-1.05,-0.96],[-1.68,0],[-1.021,0.9],[0,1.56],[0,0],[-2.461,-1.319],[-3.12,0],[-2.94,1.86],[-1.651,3.42],[0,4.56],[1.65,3.51],[2.97,1.921]],"o":[[-3.181,0],[-2.49,1.35],[0,0],[0,-1.62],[-1.021,-0.959],[-1.68,0],[-0.99,0.96],[0,0],[0,1.56],[1.049,0.959],[1.679,0],[1.02,-0.9],[0,0],[1.319,2.34],[2.46,1.319],[3.839,0],[2.939,-1.859],[1.65,-3.42],[0,-4.559],[-1.651,-3.51],[-2.97,-1.92]],"v":[[-116.549,-45.09],[-125.054,-43.065],[-130.769,-37.35],[-130.769,-39.6],[-132.299,-43.47],[-136.349,-44.91],[-140.354,-43.47],[-141.839,-39.6],[-141.839,11.43],[-140.264,15.21],[-136.169,16.65],[-132.119,15.3],[-130.589,11.61],[-130.589,-6.75],[-124.919,-1.26],[-116.549,0.72],[-106.379,-2.07],[-99.494,-9.99],[-97.019,-21.96],[-99.494,-34.065],[-106.424,-42.21]],"c":true},"ix":2},"nm":"p","mn":"ADBE Vector Shape - Group","hd":false},{"ind":1,"ty":"sh","ix":2,"ks":{"a":0,"k":{"i":[[3.54,0],[1.949,2.461],[0,4.5],[-1.95,2.461],[-3.6,0],[-1.98,-2.52],[0,-4.559],[1.98,-2.43]],"o":[[-3.6,0],[-1.95,-2.46],[0,-4.559],[1.949,-2.46],[3.54,0],[1.98,2.52],[0,4.441],[-1.98,2.43]],"v":[[-119.519,-8.01],[-127.844,-11.7],[-130.769,-22.14],[-127.844,-32.67],[-119.519,-36.36],[-111.239,-32.58],[-108.269,-21.96],[-111.239,-11.655]],"c":true},"ix":2},"nm":"p","mn":"ADBE Vector Shape - Group","hd":false},{"ty":"mm","mm":1,"nm":"Merge Paths 1","mn":"ADBE Vector Filter - Merge","hd":false},{"ty":"fl","c":{"a":0,"k":[0.9725490196078431,0.3607843137254902,0.4392156862745098,1],"ix":4},"o":{"a":0,"k":100,"ix":5},"r":1,"nm":"Fill 1","mn":"ADBE Vector Graphic - Fill","hd":false},{"ty":"tr","p":{"a":0,"k":[0,0],"ix":2},"a":{"a":0,"k":[0,0],"ix":1},"s":{"a":0,"k":[100,100],"ix":3},"r":{"a":0,"k":0,"ix":6},"o":{"a":0,"k":100,"ix":7},"sk":{"a":0,"k":0,"ix":4},"sa":{"a":0,"k":0,"ix":5},"nm":"Transform"}],"nm":"p","np":4,"cix":2,"ix":2,"mn":"ADBE Vector Group","hd":false},{"ty":"gr","it":[{"ind":0,"ty":"sh","ix":1,"ks":{"a":0,"k":{"i":[[-1.62,0],[-1.08,0.93],[0,1.741],[0,0],[1.08,0.9],[1.62,0],[1.049,-0.9],[0,-1.74],[0,0],[-1.05,-0.93]],"o":[[1.62,0],[1.08,-0.93],[0,0],[0,-1.74],[-1.08,-0.9],[-1.62,0],[-1.05,0.9],[0,0],[0,1.741],[1.049,0.93]],"v":[[-82.169,0.54],[-78.119,-0.855],[-76.499,-4.86],[-76.499,-58.59],[-78.119,-62.55],[-82.169,-63.9],[-86.174,-62.55],[-87.749,-58.59],[-87.749,-4.86],[-86.174,-0.855]],"c":true},"ix":2},"nm":"l","mn":"ADBE Vector Shape - Group","hd":false},{"ty":"fl","c":{"a":0,"k":[0.9725490196078431,0.3607843137254902,0.4392156862745098,1],"ix":4},"o":{"a":0,"k":100,"ix":5},"r":1,"nm":"Fill 1","mn":"ADBE Vector Graphic - Fill","hd":false},{"ty":"tr","p":{"a":0,"k":[0,0],"ix":2},"a":{"a":0,"k":[0,0],"ix":1},"s":{"a":0,"k":[100,100],"ix":3},"r":{"a":0,"k":0,"ix":6},"o":{"a":0,"k":100,"ix":7},"sk":{"a":0,"k":0,"ix":4},"sa":{"a":0,"k":0,"ix":5},"nm":"Transform"}],"nm":"l","np":2,"cix":2,"ix":3,"mn":"ADBE Vector Group","hd":false},{"ty":"gr","it":[{"ind":0,"ty":"sh","ix":1,"ks":{"a":0,"k":{"i":[[-4.5,0],[-3.39,1.86],[-1.831,3.48],[0,4.621],[1.83,3.451],[3.389,1.86],[4.5,0],[3.389,-1.859],[1.859,-3.45],[0,-4.62],[-1.86,-3.479],[-3.39,-1.859]],"o":[[4.5,0],[3.389,-1.859],[1.83,-3.479],[0,-4.62],[-1.831,-3.45],[-3.39,-1.859],[-4.5,0],[-3.39,1.86],[-1.86,3.451],[0,4.621],[1.859,3.48],[3.389,1.86]],"v":[[-44.82,0.72],[-32.985,-2.07],[-25.155,-10.08],[-22.41,-22.23],[-25.155,-34.335],[-32.985,-42.3],[-44.82,-45.09],[-56.655,-42.3],[-64.53,-34.335],[-67.32,-22.23],[-64.53,-10.08],[-56.655,-2.07]],"c":true},"ix":2},"nm":"o","mn":"ADBE Vector Shape - Group","hd":false},{"ind":1,"ty":"sh","ix":2,"ks":{"a":0,"k":{"i":[[3.659,0],[1.92,2.4],[0,4.68],[-1.95,2.43],[-3.6,0],[-1.921,-2.43],[0,-4.62],[1.92,-2.399]],"o":[[-3.6,0],[-1.921,-2.399],[0,-4.62],[1.949,-2.43],[3.6,0],[1.92,2.43],[0,4.68],[-1.921,2.4]],"v":[[-44.91,-8.01],[-53.19,-11.61],[-56.07,-22.23],[-53.145,-32.805],[-44.82,-36.45],[-36.54,-32.805],[-33.66,-22.23],[-36.54,-11.61]],"c":true},"ix":2},"nm":"o","mn":"ADBE Vector Shape - Group","hd":false},{"ty":"mm","mm":1,"nm":"Merge Paths 1","mn":"ADBE Vector Filter - Merge","hd":false},{"ty":"fl","c":{"a":0,"k":[0.9725490196078431,0.3607843137254902,0.4392156862745098,1],"ix":4},"o":{"a":0,"k":100,"ix":5},"r":1,"nm":"Fill 1","mn":"ADBE Vector Graphic - Fill","hd":false},{"ty":"tr","p":{"a":0,"k":[0,0],"ix":2},"a":{"a":0,"k":[0,0],"ix":1},"s":{"a":0,"k":[100,100],"ix":3},"r":{"a":0,"k":0,"ix":6},"o":{"a":0,"k":100,"ix":7},"sk":{"a":0,"k":0,"ix":4},"sa":{"a":0,"k":0,"ix":5},"nm":"Transform"}],"nm":"o","np":4,"cix":2,"ix":4,"mn":"ADBE Vector Group","hd":false},{"ty":"gr","it":[{"ind":0,"ty":"sh","ix":1,"ks":{"a":0,"k":{"i":[[6.12,0],[2.91,-0.66],[2.1,-1.139],[0.509,-0.75],[0,-1.02],[-0.69,-0.779],[-1.08,0],[-1.561,0.78],[-1.8,0.51],[-1.741,0],[-1.26,-1.35],[0,-2.939],[0,0],[0,0],[3.72,-0.84],[1.65,-1.859],[0,-3.24],[-1.381,-2.1],[-2.4,-1.2],[-2.94,0],[-2.191,1.319],[-1.021,2.34],[0,0],[-0.99,-0.959],[-1.561,0],[-0.96,0.931],[0,1.62],[0,0],[2.97,3.03]],"o":[[-2.821,0],[-2.911,0.661],[-1.201,0.661],[-0.51,0.751],[0,1.26],[0.689,0.78],[0.72,0],[2.46,-0.959],[1.8,-0.509],[2.82,0],[1.26,1.35],[0,0],[0,0],[-6.54,0],[-3.721,0.841],[-1.651,1.86],[0,2.58],[1.38,2.101],[2.399,1.2],[2.88,0],[2.19,-1.319],[0,0],[0,1.561],[0.99,0.96],[1.679,0],[0.959,-0.93],[0,0],[0,-6.179],[-2.97,-3.029]],"v":[[5.94,-45.09],[-2.655,-44.1],[-10.17,-41.4],[-12.735,-39.285],[-13.5,-36.63],[-12.465,-33.57],[-9.81,-32.4],[-6.39,-33.57],[0,-35.775],[5.31,-36.54],[11.43,-34.515],[13.32,-28.08],[13.32,-26.01],[11.07,-26.01],[-4.32,-24.75],[-12.375,-20.7],[-14.85,-13.05],[-12.78,-6.03],[-7.11,-1.08],[0.9,0.72],[8.505,-1.26],[13.32,-6.75],[13.32,-4.77],[14.805,-0.99],[18.63,0.45],[22.59,-0.945],[24.03,-4.77],[24.03,-26.73],[19.575,-40.545]],"c":true},"ix":2},"nm":"a","mn":"ADBE Vector Shape - Group","hd":false},{"ind":1,"ty":"sh","ix":2,"ks":{"a":0,"k":{"i":[[3,0],[1.35,1.23],[0,1.921],[-0.96,0.9],[-2.22,0.36],[-4.02,0],[0,0],[0,0],[1.89,-2.01]],"o":[[-1.98,0],[-1.35,-1.229],[0,-1.56],[0.959,-0.9],[2.219,-0.36],[0,0],[0,0],[0,3.181],[-1.89,2.011]],"v":[[3.15,-7.38],[-1.845,-9.225],[-3.87,-13.95],[-2.43,-17.64],[2.34,-19.53],[11.7,-20.07],[13.32,-20.07],[13.32,-18.18],[10.485,-10.395]],"c":true},"ix":2},"nm":"a","mn":"ADBE Vector Shape - Group","hd":false},{"ty":"mm","mm":1,"nm":"Merge Paths 1","mn":"ADBE Vector Filter - Merge","hd":false},{"ty":"fl","c":{"a":0,"k":[0.9725490196078431,0.3607843137254902,0.4392156862745098,1],"ix":4},"o":{"a":0,"k":100,"ix":5},"r":1,"nm":"Fill 1","mn":"ADBE Vector Graphic - Fill","hd":false},{"ty":"tr","p":{"a":0,"k":[0,0],"ix":2},"a":{"a":0,"k":[0,0],"ix":1},"s":{"a":0,"k":[100,100],"ix":3},"r":{"a":0,"k":0,"ix":6},"o":{"a":0,"k":100,"ix":7},"sk":{"a":0,"k":0,"ix":4},"sa":{"a":0,"k":0,"ix":5},"nm":"Transform"}],"nm":"a","np":4,"cix":2,"ix":5,"mn":"ADBE Vector Group","hd":false},{"ty":"gr","it":[{"ind":0,"ty":"sh","ix":1,"ks":{"a":0,"k":{"i":[[1.679,0],[0.99,-0.93],[0,-1.499],[0,0],[2.46,1.32],[3.18,0],[2.939,-1.859],[1.65,-3.42],[0,-4.559],[-1.651,-3.51],[-2.97,-1.92],[-3.78,0],[-2.49,1.38],[-1.32,2.461],[0,0],[-1.021,-0.959],[-1.68,0],[-1.021,0.96],[0,1.62],[0,0],[1.08,0.96]],"o":[[-1.68,0],[-0.99,0.931],[0,0],[-1.32,-2.399],[-2.461,-1.319],[-3.84,0],[-2.94,1.86],[-1.651,3.42],[0,4.56],[1.65,3.51],[2.97,1.921],[3.18,0],[2.489,-1.38],[0,0],[0,1.62],[1.02,0.96],[1.679,0],[1.02,-0.959],[0,0],[0,-1.56],[-1.08,-0.959]],"v":[[72.18,-63.9],[68.175,-62.505],[66.69,-58.86],[66.69,-37.53],[61.02,-43.11],[52.56,-45.09],[42.39,-42.3],[35.505,-34.38],[33.03,-22.41],[35.505,-10.305],[42.435,-2.16],[52.56,0.72],[61.065,-1.35],[66.78,-7.11],[66.78,-4.86],[68.31,-0.99],[72.36,0.45],[76.41,-0.99],[77.94,-4.86],[77.94,-58.68],[76.32,-62.46]],"c":true},"ix":2},"nm":"d","mn":"ADBE Vector Shape - Group","hd":false},{"ind":1,"ty":"sh","ix":2,"ks":{"a":0,"k":{"i":[[3.6,0],[1.98,2.52],[0,4.56],[-1.98,2.4],[-3.6,0],[-1.95,-2.43],[0,-4.559],[1.949,-2.46]],"o":[[-3.541,0],[-1.98,-2.52],[0,-4.5],[1.98,-2.399],[3.54,0],[1.949,2.43],[0,4.56],[-1.95,2.461]],"v":[[55.53,-8.01],[47.25,-11.79],[44.28,-22.41],[47.25,-32.76],[55.62,-36.36],[63.855,-32.715],[66.78,-22.23],[63.855,-11.7]],"c":true},"ix":2},"nm":"d","mn":"ADBE Vector Shape - Group","hd":false},{"ty":"mm","mm":1,"nm":"Merge Paths 1","mn":"ADBE Vector Filter - Merge","hd":false},{"ty":"fl","c":{"a":0,"k":[0.9725490196078431,0.3607843137254902,0.4392156862745098,1],"ix":4},"o":{"a":0,"k":100,"ix":5},"r":1,"nm":"Fill 1","mn":"ADBE Vector Graphic - Fill","hd":false},{"ty":"tr","p":{"a":0,"k":[0,0],"ix":2},"a":{"a":0,"k":[0,0],"ix":1},"s":{"a":0,"k":[100,100],"ix":3},"r":{"a":0,"k":0,"ix":6},"o":{"a":0,"k":100,"ix":7},"sk":{"a":0,"k":0,"ix":4},"sa":{"a":0,"k":0,"ix":5},"nm":"Transform"}],"nm":"d","np":4,"cix":2,"ix":6,"mn":"ADBE Vector Group","hd":false},{"ty":"gr","it":[{"ind":0,"ty":"sh","ix":1,"ks":{"a":0,"k":{"i":[[-1.62,0],[-1.08,0.93],[0,1.741],[0,0],[1.08,0.9],[1.62,0],[1.049,-0.9],[0,-1.74],[0,0],[-1.05,-0.93]],"o":[[1.62,0],[1.08,-0.93],[0,0],[0,-1.74],[-1.08,-0.9],[-1.62,0],[-1.05,0.9],[0,0],[0,1.741],[1.049,0.93]],"v":[[95.129,0.54],[99.179,-0.855],[100.799,-4.86],[100.799,-39.6],[99.179,-43.56],[95.129,-44.91],[91.124,-43.56],[89.549,-39.6],[89.549,-4.86],[91.124,-0.855]],"c":true},"ix":2},"nm":"i","mn":"ADBE Vector Shape - Group","hd":false},{"ind":1,"ty":"sh","ix":2,"ks":{"a":0,"k":{"i":[[-2.04,0],[-1.201,1.111],[0,1.8],[1.229,1.08],[1.98,0],[1.2,-1.08],[0,-1.8],[-1.201,-1.11]],"o":[[2.039,0],[1.2,-1.11],[0,-1.8],[-1.23,-1.08],[-2.04,0],[-1.201,1.08],[0,1.8],[1.2,1.111]],"v":[[95.129,-52.92],[99.989,-54.585],[101.789,-58.95],[99.944,-63.27],[95.129,-64.89],[90.269,-63.27],[88.469,-58.95],[90.269,-54.585]],"c":true},"ix":2},"nm":"i","mn":"ADBE Vector Shape - Group","hd":false},{"ty":"mm","mm":1,"nm":"Merge Paths 1","mn":"ADBE Vector Filter - Merge","hd":false},{"ty":"fl","c":{"a":0,"k":[0.9725490196078431,0.3607843137254902,0.4392156862745098,1],"ix":4},"o":{"a":0,"k":100,"ix":5},"r":1,"nm":"Fill 1","mn":"ADBE Vector Graphic - Fill","hd":false},{"ty":"tr","p":{"a":0,"k":[0,0],"ix":2},"a":{"a":0,"k":[0,0],"ix":1},"s":{"a":0,"k":[100,100],"ix":3},"r":{"a":0,"k":0,"ix":6},"o":{"a":0,"k":100,"ix":7},"sk":{"a":0,"k":0,"ix":4},"sa":{"a":0,"k":0,"ix":5},"nm":"Transform"}],"nm":"i","np":4,"cix":2,"ix":7,"mn":"ADBE Vector Group","hd":false},{"ty":"gr","it":[{"ind":0,"ty":"sh","ix":1,"ks":{"a":0,"k":{"i":[[5.279,0],[2.52,-1.319],[1.499,-2.46],[0,0],[0.99,0.931],[1.56,0],[1.02,-0.959],[0,-1.56],[0,0],[-0.99,-0.959],[-1.741,0],[-1.021,0.959],[0,1.68],[0,0],[-1.95,2.04],[-3.24,0],[-1.291,-1.56],[0,-3.42],[0,0],[-1.021,-0.959],[-1.741,0],[-0.99,0.959],[0,1.68],[0,0],[2.579,3.001]],"o":[[-3.181,0],[-2.52,1.32],[0,0],[0,-1.499],[-0.99,-0.93],[-1.741,0],[-1.021,0.96],[0,0],[0,1.68],[0.99,0.959],[1.74,0],[1.02,-0.959],[0,0],[0,-3.42],[1.949,-2.039],[2.759,0],[1.29,1.561],[0,0],[0,1.68],[1.02,0.959],[1.74,0],[0.99,-0.959],[0,0],[0,-6.06],[-2.58,-3]],"v":[[137.969,-45.09],[129.419,-43.11],[123.389,-37.44],[123.389,-39.87],[121.904,-43.515],[118.079,-44.91],[113.939,-43.47],[112.409,-39.69],[112.409,-4.86],[113.894,-0.9],[117.989,0.54],[122.129,-0.9],[123.659,-4.86],[123.659,-24.93],[126.584,-33.12],[134.369,-36.18],[140.444,-33.84],[142.379,-26.37],[142.379,-4.86],[143.909,-0.9],[148.049,0.54],[152.144,-0.9],[153.629,-4.86],[153.629,-27],[149.759,-40.59]],"c":true},"ix":2},"nm":"n","mn":"ADBE Vector Shape - Group","hd":false},{"ty":"fl","c":{"a":0,"k":[0.9725490196078431,0.3607843137254902,0.4392156862745098,1],"ix":4},"o":{"a":0,"k":100,"ix":5},"r":1,"nm":"Fill 1","mn":"ADBE Vector Graphic - Fill","hd":false},{"ty":"tr","p":{"a":0,"k":[0,0],"ix":2},"a":{"a":0,"k":[0,0],"ix":1},"s":{"a":0,"k":[100,100],"ix":3},"r":{"a":0,"k":0,"ix":6},"o":{"a":0,"k":100,"ix":7},"sk":{"a":0,"k":0,"ix":4},"sa":{"a":0,"k":0,"ix":5},"nm":"Transform"}],"nm":"n","np":2,"cix":2,"ix":8,"mn":"ADBE Vector Group","hd":false},{"ty":"gr","it":[{"ind":0,"ty":"sh","ix":1,"ks":{"a":0,"k":{"i":[[1.679,0],[1.02,-0.959],[0,-1.56],[0,0],[2.52,1.35],[3.24,0],[3,-1.83],[1.65,-3.33],[0,-4.32],[-1.68,-3.299],[-2.97,-1.83],[-3.84,0],[-2.52,1.35],[-1.32,2.461],[0,0],[7.86,0],[1.71,0.48],[2.16,0.9],[0.779,0.27],[0.54,0],[0.63,-0.78],[0,-1.32],[-2.22,-1.32],[-6.54,0],[-3.84,3.54],[0,6.899],[0,0],[1.02,0.96]],"o":[[-1.68,0],[-1.021,0.96],[0,0],[-1.32,-2.46],[-2.52,-1.35],[-3.84,0],[-3.001,1.831],[-1.651,3.33],[0,4.32],[1.679,3.3],[2.97,1.831],[3.24,0],[2.52,-1.35],[0,0],[0,7.68],[-2.22,0],[-1.71,-0.481],[-0.841,-0.36],[-0.78,-0.27],[-1.021,0],[-0.63,0.779],[0,1.859],[4.379,2.46],[7.5,0],[3.839,-3.541],[0,0],[0,-1.62],[-1.021,-0.959]],"v":[[202.318,-44.91],[198.268,-43.47],[196.738,-39.69],[196.738,-37.35],[190.978,-43.065],[182.338,-45.09],[172.078,-42.345],[165.103,-34.605],[162.628,-23.13],[165.148,-11.7],[172.123,-4.005],[182.338,-1.26],[190.978,-3.285],[196.738,-9],[196.738,-3.24],[184.948,8.28],[179.053,7.56],[173.248,5.49],[170.818,4.545],[168.838,4.14],[166.363,5.31],[165.418,8.46],[168.748,13.23],[185.128,16.92],[202.138,11.61],[207.898,-4.05],[207.898,-39.6],[206.368,-43.47]],"c":true},"ix":2},"nm":"g","mn":"ADBE Vector Shape - Group","hd":false},{"ind":1,"ty":"sh","ix":2,"ks":{"a":0,"k":{"i":[[3.6,0],[2.039,2.34],[0,4.081],[-2.04,2.34],[-3.541,0],[-2.011,-2.34],[0,-4.14],[2.01,-2.34]],"o":[[-3.541,0],[-2.04,-2.34],[0,-4.14],[2.039,-2.34],[3.6,0],[2.01,2.34],[0,4.081],[-2.011,2.34]],"v":[[185.308,-9.99],[176.938,-13.5],[173.878,-23.13],[176.938,-32.85],[185.308,-36.36],[193.723,-32.85],[196.738,-23.13],[193.723,-13.5]],"c":true},"ix":2},"nm":"g","mn":"ADBE Vector Shape - Group","hd":false},{"ty":"mm","mm":1,"nm":"Merge Paths 1","mn":"ADBE Vector Filter - Merge","hd":false},{"ty":"fl","c":{"a":0,"k":[0.9725490196078431,0.3607843137254902,0.4392156862745098,1],"ix":4},"o":{"a":0,"k":100,"ix":5},"r":1,"nm":"Fill 1","mn":"ADBE Vector Graphic - Fill","hd":false},{"ty":"tr","p":{"a":0,"k":[0,0],"ix":2},"a":{"a":0,"k":[0,0],"ix":1},"s":{"a":0,"k":[100,100],"ix":3},"r":{"a":0,"k":0,"ix":6},"o":{"a":0,"k":100,"ix":7},"sk":{"a":0,"k":0,"ix":4},"sa":{"a":0,"k":0,"ix":5},"nm":"Transform"}],"nm":"g","np":4,"cix":2,"ix":9,"mn":"ADBE Vector Group","hd":false}],"ip":0,"op":60,"st":0,"bm":0},{"ddd":0,"ind":2,"ty":4,"nm":"dot 3","sr":1,"ks":{"o":{"a":0,"k":100,"ix":11},"r":{"a":0,"k":0,"ix":10},"p":{"a":1,"k":[{"i":{"x":0.833,"y":0.833},"o":{"x":0.167,"y":0.167},"n":"0p833_0p833_0p167_0p167","t":0,"s":[495.5,380,0],"e":[495.5,390,0],"to":[0,-1.75724267959595,0],"ti":[0,1.66666662693024,0]},{"i":{"x":0.833,"y":0.833},"o":{"x":0.167,"y":0.167},"n":"0p833_0p833_0p167_0p167","t":5,"s":[495.5,390,0],"e":[495.5,370,0],"to":[0,-1.66666662693024,0],"ti":[0,0,0]},{"i":{"x":0.833,"y":0.833},"o":{"x":0.167,"y":0.167},"n":"0p833_0p833_0p167_0p167","t":15,"s":[495.5,370,0],"e":[495.5,390,0],"to":[0,0,0],"ti":[0,0,0]},{"i":{"x":0.833,"y":0.833},"o":{"x":0.167,"y":0.167},"n":"0p833_0p833_0p167_0p167","t":25,"s":[495.5,390,0],"e":[495.5,370,0],"to":[0,0,0],"ti":[0,0,0]},{"i":{"x":0.833,"y":0.833},"o":{"x":0.167,"y":0.167},"n":"0p833_0p833_0p167_0p167","t":35,"s":[495.5,370,0],"e":[495.5,390,0],"to":[0,0,0],"ti":[0,0,0]},{"i":{"x":0.833,"y":0.833},"o":{"x":0.167,"y":0.167},"n":"0p833_0p833_0p167_0p167","t":45,"s":[495.5,390,0],"e":[495.5,370,0],"to":[0,0,0],"ti":[0,1.66666662693024,0]},{"i":{"x":0.833,"y":0.833},"o":{"x":0.167,"y":0.167},"n":"0p833_0p833_0p167_0p167","t":55,"s":[495.5,370,0],"e":[495.5,380,0],"to":[0,-1.66666662693024,0],"ti":[0,-1.66666662693024,0]},{"t":60}],"ix":2},"a":{"a":0,"k":[0,-7.625,0],"ix":1},"s":{"a":0,"k":[100,100,100],"ix":6}},"ao":0,"shapes":[{"ty":"gr","it":[{"ind":0,"ty":"sh","ix":1,"ks":{"a":0,"k":{"i":[[-2.408,0],[-1.578,1.606],[0,2.352],[1.576,1.606],[2.35,0],[1.576,-1.604],[0,-2.35],[-1.578,-1.604]],"o":[[2.35,0],[1.576,-1.604],[0,-2.35],[-1.578,-1.604],[-2.408,0],[-1.578,1.606],[0,2.352],[1.576,1.606]],"v":[[0.001,0.516],[5.892,-1.892],[8.257,-7.826],[5.892,-13.76],[0.001,-16.168],[-5.976,-13.76],[-8.341,-7.826],[-5.976,-1.892]],"c":true},"ix":2},"nm":".","mn":"ADBE Vector Shape - Group","hd":false},{"ty":"fl","c":{"a":0,"k":[0.9725490196078431,0.3607843137254902,0.4392156862745098,1],"ix":4},"o":{"a":0,"k":100,"ix":5},"r":1,"nm":"Fill 1","mn":"ADBE Vector Graphic - Fill","hd":false},{"ty":"tr","p":{"a":0,"k":[0,0],"ix":2},"a":{"a":0,"k":[0,0],"ix":1},"s":{"a":0,"k":[100,100],"ix":3},"r":{"a":0,"k":0,"ix":6},"o":{"a":0,"k":100,"ix":7},"sk":{"a":0,"k":0,"ix":4},"sa":{"a":0,"k":0,"ix":5},"nm":"Transform"}],"nm":".","np":2,"cix":2,"ix":1,"mn":"ADBE Vector Group","hd":false}],"ip":0,"op":60,"st":0,"bm":0},{"ddd":0,"ind":3,"ty":4,"nm":"dot 2","sr":1,"ks":{"o":{"a":0,"k":100,"ix":11},"r":{"a":0,"k":0,"ix":10},"p":{"a":1,"k":[{"i":{"x":0.833,"y":0.833},"o":{"x":0.167,"y":0.167},"n":"0p833_0p833_0p167_0p167","t":0,"s":[465.5,384,0],"e":[465.5,390,0],"to":[0,1,0],"ti":[0,2.33333325386047,0]},{"i":{"x":0.833,"y":0.833},"o":{"x":0.167,"y":0.167},"n":"0p833_0p833_0p167_0p167","t":3,"s":[465.5,390,0],"e":[465.5,370,0],"to":[0,-2.33333325386047,0],"ti":[0,0,0]},{"i":{"x":0.833,"y":0.833},"o":{"x":0.167,"y":0.167},"n":"0p833_0p833_0p167_0p167","t":13,"s":[465.5,370,0],"e":[465.5,390,0],"to":[0,0,0],"ti":[0,0,0]},{"i":{"x":0.833,"y":0.833},"o":{"x":0.167,"y":0.167},"n":"0p833_0p833_0p167_0p167","t":23,"s":[465.5,390,0],"e":[465.5,370,0],"to":[0,0,0],"ti":[0,0,0]},{"i":{"x":0.833,"y":0.833},"o":{"x":0.167,"y":0.167},"n":"0p833_0p833_0p167_0p167","t":33,"s":[465.5,370,0],"e":[465.5,390,0],"to":[0,0,0],"ti":[0,0,0]},{"i":{"x":0.833,"y":0.833},"o":{"x":0.167,"y":0.167},"n":"0p833_0p833_0p167_0p167","t":43,"s":[465.5,390,0],"e":[465.5,370,0],"to":[0,0,0],"ti":[0,1,0]},{"i":{"x":0.833,"y":0.833},"o":{"x":0.167,"y":0.167},"n":"0p833_0p833_0p167_0p167","t":53,"s":[465.5,370,0],"e":[465.5,384,0],"to":[0,-1,0],"ti":[0,-2.33333325386047,0]},{"t":60}],"ix":2},"a":{"a":0,"k":[0,-7.625,0],"ix":1},"s":{"a":0,"k":[100,100,100],"ix":6}},"ao":0,"shapes":[{"ty":"gr","it":[{"ind":0,"ty":"sh","ix":1,"ks":{"a":0,"k":{"i":[[-2.408,0],[-1.578,1.606],[0,2.352],[1.576,1.606],[2.35,0],[1.576,-1.604],[0,-2.35],[-1.578,-1.604]],"o":[[2.35,0],[1.576,-1.604],[0,-2.35],[-1.578,-1.604],[-2.408,0],[-1.578,1.606],[0,2.352],[1.576,1.606]],"v":[[0.001,0.516],[5.892,-1.892],[8.257,-7.826],[5.892,-13.76],[0.001,-16.168],[-5.976,-13.76],[-8.341,-7.826],[-5.976,-1.892]],"c":true},"ix":2},"nm":".","mn":"ADBE Vector Shape - Group","hd":false},{"ty":"fl","c":{"a":0,"k":[0.9725490196078431,0.3607843137254902,0.4392156862745098,1],"ix":4},"o":{"a":0,"k":100,"ix":5},"r":1,"nm":"Fill 1","mn":"ADBE Vector Graphic - Fill","hd":false},{"ty":"tr","p":{"a":0,"k":[0,0],"ix":2},"a":{"a":0,"k":[0,0],"ix":1},"s":{"a":0,"k":[100,100],"ix":3},"r":{"a":0,"k":0,"ix":6},"o":{"a":0,"k":100,"ix":7},"sk":{"a":0,"k":0,"ix":4},"sa":{"a":0,"k":0,"ix":5},"nm":"Transform"}],"nm":".","np":2,"cix":2,"ix":1,"mn":"ADBE Vector Group","hd":false}],"ip":0,"op":60,"st":0,"bm":0},{"ddd":0,"ind":4,"ty":4,"nm":"dot","sr":1,"ks":{"o":{"a":0,"k":100,"ix":11},"r":{"a":0,"k":0,"ix":10},"p":{"a":1,"k":[{"i":{"x":0.833,"y":0.833},"o":{"x":0.167,"y":0.167},"n":"0p833_0p833_0p167_0p167","t":0,"s":[435.5,390,0],"e":[435.5,370,0],"to":[0,-3.33333325386047,0],"ti":[0,0,0]},{"i":{"x":0.833,"y":0.833},"o":{"x":0.167,"y":0.167},"n":"0p833_0p833_0p167_0p167","t":10,"s":[435.5,370,0],"e":[435.5,390,0],"to":[0,0,0],"ti":[0,0,0]},{"i":{"x":0.833,"y":0.833},"o":{"x":0.167,"y":0.167},"n":"0p833_0p833_0p167_0p167","t":20,"s":[435.5,390,0],"e":[435.5,370,0],"to":[0,0,0],"ti":[0,0,0]},{"i":{"x":0.833,"y":0.833},"o":{"x":0.167,"y":0.167},"n":"0p833_0p833_0p167_0p167","t":30,"s":[435.5,370,0],"e":[435.5,390,0],"to":[0,0,0],"ti":[0,0,0]},{"i":{"x":0.833,"y":0.833},"o":{"x":0.167,"y":0.167},"n":"0p833_0p833_0p167_0p167","t":40,"s":[435.5,390,0],"e":[435.5,370,0],"to":[0,0,0],"ti":[0,0,0]},{"i":{"x":0.833,"y":0.833},"o":{"x":0.167,"y":0.167},"n":"0p833_0p833_0p167_0p167","t":50,"s":[435.5,370,0],"e":[435.5,390,0],"to":[0,0,0],"ti":[0,-3.33333325386047,0]},{"t":60}],"ix":2},"a":{"a":0,"k":[0,-7.625,0],"ix":1},"s":{"a":0,"k":[100,100,100],"ix":6}},"ao":0,"shapes":[{"ty":"gr","it":[{"ind":0,"ty":"sh","ix":1,"ks":{"a":0,"k":{"i":[[-2.408,0],[-1.578,1.606],[0,2.352],[1.576,1.606],[2.35,0],[1.576,-1.604],[0,-2.35],[-1.578,-1.604]],"o":[[2.35,0],[1.576,-1.604],[0,-2.35],[-1.578,-1.604],[-2.408,0],[-1.578,1.606],[0,2.352],[1.576,1.606]],"v":[[0.001,0.516],[5.892,-1.892],[8.257,-7.826],[5.892,-13.76],[0.001,-16.168],[-5.976,-13.76],[-8.341,-7.826],[-5.976,-1.892]],"c":true},"ix":2},"nm":".","mn":"ADBE Vector Shape - Group","hd":false},{"ty":"fl","c":{"a":0,"k":[0.9725490196078431,0.3607843137254902,0.4392156862745098,1],"ix":4},"o":{"a":0,"k":100,"ix":5},"r":1,"nm":"Fill 1","mn":"ADBE Vector Graphic - Fill","hd":false},{"ty":"tr","p":{"a":0,"k":[0,0],"ix":2},"a":{"a":0,"k":[0,0],"ix":1},"s":{"a":0,"k":[100,100],"ix":3},"r":{"a":0,"k":0,"ix":6},"o":{"a":0,"k":100,"ix":7},"sk":{"a":0,"k":0,"ix":4},"sa":{"a":0,"k":0,"ix":5},"nm":"Transform"}],"nm":".","np":2,"cix":2,"ix":1,"mn":"ADBE Vector Group","hd":false}],"ip":0,"op":60,"st":0,"bm":0},{"ddd":0,"ind":5,"ty":0,"nm":"Cloud","refId":"comp_0","sr":1,"ks":{"o":{"a":0,"k":100,"ix":11},"r":{"a":0,"k":0,"ix":10},"p":{"a":0,"k":[256,178,0],"ix":2},"a":{"a":0,"k":[256,300,0],"ix":1},"s":{"a":0,"k":[65,65,100],"ix":6}},"ao":0,"w":512,"h":600,"ip":0,"op":60,"st":0,"bm":0}],"markers":[]}